"Run","HasBest","Status","Evidence"
"20260516_224635__001__train_skeleton_20260516","False","UNCLEAR","训练配置: | Epoch 1/100, Train Loss: 0.9217, Val Loss: 0.8513, Surface IoU: 0.1519, Surface F1: 0.2637, Precision: 0.2188, Recall: 0.3317, Skeleton IoU: 0.0292, Ske"
"20260518_093340__002__train_skeleton_20260518_093340","True","UNCLEAR","训练配置: | Epoch 1/100, Train Loss: 1.0281, Val Loss: 0.9653, Surface IoU: 0.1381, Surface F1: 0.2427, Precision: 0.1830, Recall: 0.3606, Skeleton IoU: 0.0257, Ske"
"20260518_220108__003__train_skeleton_20260518_220108","True","UNCLEAR","训练配置: | Epoch 1/100, Train Loss: 0.9217, Val Loss: 0.8513, Surface IoU: 0.1519, Surface F1: 0.2637, Precision: 0.2188, Recall: 0.3317, Skeleton IoU: 0.0292, Ske"
"20260520_220636__004__train_skeleton_20260520_220636","True","UNCLEAR","训练配置: | Epoch 1/100, Train Loss: 1.0881, Val Loss: 0.9308, Surface IoU: 0.0970, Surface F1: 0.1768, Precision: 0.1339, Recall: 0.2604, Skeleton IoU: 0.0062, Ske"
"20260521_094935__005__train_skeleton_20260521_094935","True","UNCLEAR","训练配置: | Epoch 1/100, Train Loss: 1.1108, Val Loss: 0.9358, Surface IoU: 0.0782, Surface F1: 0.1450, Precision: 0.1453, Recall: 0.1446, Skeleton IoU: 0.0009, Ske"
"20260521_200553__006__train_skeleton_20260521_200553","True","UNCLEAR","训练配置: | Epoch 1/100, Train Loss: 0.9376, Val Loss: 0.8169, Surface IoU: 0.1974, Surface F1: 0.3297, Precision: 0.2671, Recall: 0.4306, Skeleton IoU: 0.0351, Ske"
"20260522_201809__007__train_skeleton_20260522_201809","True","UNCLEAR","训练配置: | Epoch 1/100, Train Loss: 1.1190, Val Loss: 1.0132, Surface IoU: 0.1306, Surface F1: 0.2311, Precision: 0.1364, Recall: 0.7549, Skeleton IoU: 0.0220, Ske"
"20260523_204609__008__train_skeleton_20260523_204609","False","UNCLEAR","训练配置: | Epoch 1/10, Train Loss: 0.7636, Val Loss: 0.6755, Surface IoU: 0.3402, Surface F1: 0.5077, Precision: 0.5223, Recall: 0.4939, Skeleton IoU: 0.0786, Skel"
"20260525_233250__009__train_skeleton_20260525_233250","True","UNCLEAR","训练配置: | Epoch 1/10, LR: 0.000166667, Train Loss: 0.9964, Val Loss: 0.9214, Surface IoU: 0.1069, Surface F1: 0.1931, Precision: 0.1633, Recall: 0.2362, Skeleton "
"20260527_220836__010__train_skeleton_20260527_220836","True","UNCLEAR","训练配置: | Epoch 1/10, LR: 0.000166667, Train Loss: 1.1107, Val Loss: 0.9577, Surface IoU: 0.0964, Surface F1: 0.1758, Precision: 0.1689, Recall: 0.1833, Skeleton "
"20260528_173032__011__train_no_pretrain_10ep_150b","True","UNCLEAR","训练配置: | Epoch 1/10, LR: 0.000166667, Train Loss: 1.1107, Val Loss: 0.9578, Surface IoU: 0.0959, Surface F1: 0.1750, Precision: 0.1692, Recall: 0.1813, Skeleton "
"20260531_111954__012__train_skeleton_20260531_111954","True","UNCLEAR","训练配置: | Epoch 1/10, LR: 0.000166667, Train Loss: 0.8732, Val Loss: 0.8948, Surface IoU: 0.1513, Surface F1: 0.2629, Precision: 0.1613, Recall: 0.7096, Skeleton "
"20260601_103548__013__train_skeleton_20260601_103548","False","UNCLEAR","训练配置:"
"20260601_104153__014__train_skeleton_20260601_104153","True","UNCLEAR","训练配置: | Epoch 1/60, LR: 0.000166667, Train Loss: 0.9077, Val Loss: 0.8206, Surface IoU: 0.2234, Surface F1: 0.3652, Precision: 0.3110, Recall: 0.4421, Skeleton "
"20260603_162218__015__train_skeleton_20260603_162218","True","UNCLEAR","训练配置: | Epoch 1/60, LR: 5e-05, Train Loss: 0.9345, Val Loss: 0.8700, Surface IoU: 0.1693, Surface F1: 0.2895, Precision: 0.2205, Recall: 0.4214, Skeleton IoU: 0"
"20260603_164254__016__train_skeleton_20260603_164254","False","UNCLEAR","训练配置:"
"20260603_164411__017__train_skeleton_20260603_164411","False","UNCLEAR","训练配置:"
"20260603_235801__018__train_no_skeleton_loss_nw0_retry_20260603_235754","True","UNCLEAR","训练配置: |   Skeleton loss: disabled (weight=0.0) | Epoch 1/60, LR: 5e-05, Train Loss: 0.6205, Val Loss: 0.5686, Surface IoU: 0.1714, Surface F1: 0.2927, Precision"
"20260604_103553__019__train_edge_loss_nw0_20260604_103548","True","UNCLEAR","训练配置: |   Skeleton loss: disabled (weight=0.0) | Epoch 1/60, LR: 5e-05, Train Loss: 0.8006, Val Loss: 0.6646, Surface IoU: 0.1499, Surface F1: 0.2607, Precision"
"20260604_231838__020__train_msfe_edge_no_diag_nw0_20260604_run3","True","UNCLEAR","训练配置: |   Skeleton loss: disabled (weight=0.0) | Epoch 1/60, LR: 5e-05, Train Loss: 0.6691, Val Loss: 0.6187, Surface IoU: 0.1655, Surface F1: 0.2840, Precision"
"20260605_233142__021__train_overlap_patch_msfe_dca_nw0_20260605","True","UNCLEAR","训练配置: |   Skeleton loss: disabled (weight=0.0) | Epoch 1/60, LR: 5e-05, Train Loss: 0.6872, Val Loss: 0.6126, Surface IoU: 0.1748, Surface F1: 0.2976, Precision"
"20260606_222315__022__train_semantic_detail_gate_nw0_20260606","True","UNCLEAR","训练配置: |   Skeleton loss: disabled (weight=0.0) | Epoch 1/60, LR: 5e-05, Train Loss: 0.6511, Val Loss: 0.6023, Surface IoU: 0.1909, Surface F1: 0.3206, Precision"
"20260607_092542__023__train_semantic_detail_gamma_nw0_20260607","False","UNCLEAR","训练配置: |   Skeleton loss: disabled (weight=0.0)"
"20260607_093442__024__train_semantic_detail_gamma_nw0_retry_20260607","True","UNCLEAR","训练配置: |   Skeleton loss: disabled (weight=0.0) | Epoch 1/60, LR: 5e-05, Train Loss: 0.6821, Val Loss: 0.6198, Surface IoU: 0.1792, Surface F1: 0.3039, Precision"
"20260608_091910__025__train_coarse_delta_detail_nw0_20260608","True","UNCLEAR","训练配置: |   Skeleton loss: disabled (weight=0.0) | Epoch 1/60, LR: 5e-05, Train Loss: 0.7401, Val Loss: 0.6709, Surface IoU: 0.1828, Surface F1: 0.3091, Precision"
"20260608_154543__026__train_coarse_delta_detail_tight_nw0_20260608","True","UNCLEAR","训练配置: |   Skeleton loss: disabled (weight=0.0) | Epoch 1/60, LR: 5e-05, Train Loss: 0.7477, Val Loss: 0.6593, Surface IoU: 0.1850, Surface F1: 0.3123, Precision"
"20260609_101136__027__train_surface_coverage_nw0_20260609","True","UNCLEAR","训练配置: |   Skeleton prediction head: removed"
"20260609_153714__028__train_skeleton_gate_loss0_nw0_20260609","True","UNCLEAR","训练配置: |   Skeleton prediction head: enabled (structure only, loss weight=0)"
"20260609_235919__029__train_old_edge_guided_head_nw0_20260609","True","UNCLEAR","训练配置: |   Skeleton prediction head: enabled (loss weight=0.3) | Epoch 1/60, LR: 5e-05, Train Loss: 1.0562, Val Loss: 0.8753, Surface IoU: 0.1574, Surface F1: 0."
"20260610_155610__030__debug_nan_guard_smoke_20260610","True","UNCLEAR","训练配置: |   Skeleton prediction head: enabled (loss weight=0.3) | Epoch 1/1, LR: 5e-05, Train Loss: 2.3870, Val Loss: 2.3375, Surface IoU: 0.0407, Surface F1: 0.0"
"20260610_155803__031__train_guided_head_no_edge_skip_nan_guard_nw0_20260610","True","UNCLEAR","训练配置: |   Skeleton prediction head: enabled (loss weight=0.3) | Epoch 1/60, LR: 5e-05, Train Loss: 0.8968, Val Loss: 0.8370, Surface IoU: 0.1785, Surface F1: 0."
"20260610_232030__032__train_structure_fusion_sk_conn_nw0_20260610","True","ON_legacy_guided_skel","  Skeleton loss weight: 0.05"
"20260611_090609__033__train_structure_fusion_sk_conn_nw0_20260610_2","False","ON_legacy_guided_skel","  Skeleton loss weight: 0.05"
"20260612_092426__034__train_structure_fusion_inner_conn_nw0_20260612","True","ON_legacy_guided_skel","  Skeleton loss weight: 0.05"
"20260615_110629__035__train_structure_top2_conn_residual_nw0_20260615","True","ON_legacy_guided_skel","  Skeleton loss weight: 0.02"
"20260615_235131__036__train_structure_top2_conn_masked_nw0_20260615","True","ON_legacy_guided_skel","  Skeleton loss weight: 0.02"
"20260616_151514__037__train_reskel_skelhead_conn_nw0_20260616","True","ON_legacy_guided_skel","  Structure head: skeleton + top-2 connectivity residual attention;   Skeleton loss weight: 0.02"
"20260617_000249__038__train_reskel_skelhead_conn_w005_nw0_20260617","True","ON_legacy_guided_skel","  Structure head: skeleton + top-2 connectivity residual attention;   Skeleton loss weight: 0.05"
"20260617_152937__039__train_reskel_skelhead_cldice_nw0_20260617","True","ON_legacy_guided_skel","  Structure head: skeleton + top-2 connectivity residual attention;   Skeleton loss weight: 0.02"
"20260618_100626__040__train_multistage_structure_decoder_nw0_20260618","True","ON_legacy_guided_skel","  Structure head: skeleton + top-2 connectivity residual attention;   Skeleton loss weight: 0.02"
"20260618_212951__041__train_multistage_stage3_gamma_clip_nw0_20260618","True","ON_legacy_guided_skel","  Structure head: skeleton + top-2 connectivity residual attention;   Skeleton loss weight: 0.02"
"20260619_095343__042__train_multistage_stage_skel_loss_nw0_20260619","True","ON_legacy_guided_skel","  Structure head: skeleton + top-2 connectivity residual attention;   Skeleton loss weight: 0.02"
"20260619_222510__043__train_multistage_stage23_skel_loss_nw0_20260619","True","ON_legacy_guided_skel","  Structure head: skeleton + top-2 connectivity residual attention;   Skeleton loss weight: 0.02"
"20260620_101512__044__train_boundary_refine_nw0_20260620","True","ON_legacy_guided_skel","  Structure head: skeleton + top-2 connectivity residual attention;   Skeleton loss weight: 0.02"
"20260621_081812__045__train_boundary_refine_no_asterisk_nw0_20260621","True","ON_legacy_guided_skel","  Structure head: skeleton + top-2 connectivity residual attention;   Skeleton loss weight: 0.02"
"20260624_114353__046__train_density_skeleton_film_boundary001_nw0_20260624","True","ON_legacy_guided_skel","  Structure head: skeleton + top-2 connectivity residual attention;   Skeleton loss weight: 0.02"
"20260625_162925__047__train_stage3_global_context_gate_boundary001_nw0_20260625","True","ON_legacy_guided_skel","  Structure head: skeleton + top-2 connectivity residual attention;   Skeleton loss weight: 0.02"
"20260626_164005__048__train_stage23_structure_final_boundary_nw0_20260626","True","OFF_0626_or_disabled","Final heads disabled"
"20260627_163850__049__train_stage23_target64_final_aux_boundary008_20260627","True","OFF_aux_only","Final auxiliary structure: skeleton 0.01 + connectivity 0.005 (loss only)"
"20260628_104744__050__train_maxpool_zhangsuen_stage64_final_aux_20260628","True","OFF_aux_only","Final auxiliary structure: skeleton 0.01 + connectivity 0.005 (loss only)"
"20260628_232545__051__train_nearest_surface_maxpool64_zhangsuen_20260628","True","OFF_aux_only","Final auxiliary structure: skeleton 0.01 + connectivity 0.005 (loss only)"
"20260629_112620__052__train_stage_gate_final_skel_cldice_boundary008_nearest_20260629","True","OFF_aux_only","Final auxiliary skeleton loss weight: 0.02"
"20260630_115015__053__train_topology_attn_teacher_0621_zhangsuen_nw0_20260630","True","ON_final_structure","Final structure: skeleton + ..."
"20260701_104117__054__train_topology_fixed_vA_nw0_20260701","True","ON_final_structure","Final structure: skeleton + ..."
"20260701_235212__055__train_topology_attn_fixed002_dva_off_nw0_20260701","True","ON_final_structure","Final structure: skeleton + ..."
"20260702_111605__056__train_native_topology_alpha000_nw0_20260702","True","ON_final_structure","Final structure: skeleton + ..."
"20260702_233743__057__train_native_topology_lightgate_a002_g005_nw0_20260702","True","ON_final_structure","Final structure: skeleton + ..."
"20260703_111854__058__train_0621_final_topology_repair_eta005_nw0_20260703","True","ON_final_structure","Final structure: skeleton + ..."
"20260704_102908__059__train_structure_only_topology_nw0_20260704","True","ON_legacy_guided_skel","  Final skeleton loss weight: 0.02"
"20260705_120621__060__train_local_gap_topology_rho005_nw0_20260705","True","ON_legacy_guided_skel","  Final skeleton loss weight: 0.02"
"20260706_000312__061__train_stage3_topology_tf_nw0_20260706","True","ON_legacy_guided_skel","  Final skeleton loss weight: 0.02"
"20260706_154610__062__train_local_gap_topology_rho005_nw0_20260705_2","False","NO_LOG",""
"20260706_162710__063__train_local_gap_topology_rho005_nw0_20260705_3","True","ON_legacy_guided_skel","  Final skeleton loss weight: 0.02"
"20260706_172112__064__train_local_gap_topology_rho005_nw0_20260705_4","False","ON_legacy_guided_skel","  Final skeleton loss weight: 0.02"
"20260706_172309__065__train_local_gap_topology_rho005_nw0_20260705_5","False","ON_legacy_guided_skel","  Final skeleton loss weight: 0.02"
"20260706_172500__066__train_local_gap_topology_rho005_nw0_20260705_6","False","ON_legacy_guided_skel","  Final skeleton loss weight: 0.02"
"20260706_220812__067__train_stage3_gapquery_qkrel_20260706","True","ON_legacy_guided_skel","  Final skeleton loss weight: 0.02"
"20260707_091730__068__train_stage3_gapquery_qkrel_20260706_2","True","ON_legacy_guided_skel","  Final skeleton loss weight: 0.02"
"20260707_121258__069__train_stage3_roadness_gap_20260707","False","ON_legacy_guided_skel","  Final skeleton loss weight: 0.02"
"20260707_121457__070__train_stage3_roadness_gap_20260707_2","True","ON_legacy_guided_skel","  Final skeleton loss weight: 0.02"
"20260707_175300__071__train_stage23_graph_prop_nw0","False","OFF_0626_or_disabled","profile=stage23_boundary_0626; Final heads disabled"
"20260707_175723__072__smoke_graph_prop_fix","True","OFF_0626_or_disabled","profile=stage23_boundary_0626; Final heads disabled"
"20260707_175851__073__train_stage23_graph_prop_nw0_2","True","OFF_0626_or_disabled","profile=stage23_boundary_0626; Final heads disabled"
"20260708_124046__074__train_stage23_softgraph_v2_0626","True","OFF_0626_or_disabled","profile=stage23_boundary_0626; Final heads disabled"
"20260709_144843__075__train_graph_v3_frozen_0626_v2","True","OFF_0626_or_disabled","profile=stage23_boundary_0626; Final heads disabled"
"20260709_180920__076__train_graph_v4_frozen_0626","True","OFF_0626_or_disabled","profile=stage23_boundary_0626; Final heads disabled"
"20260710_001203__077__train_stage23_softconn_w012_018","True","OFF_0626_or_disabled","profile=stage23_boundary_0626; Final heads disabled"
"20260710_095022__078__train_graph_v5_clamp_frozen_0626","True","OFF_0626_or_disabled","profile=stage23_boundary_0626; Final heads disabled"
"20260710_123857__079__train_stage23_w012_018_0626","True","OFF_0626_or_disabled","profile=stage23_boundary_0626; Final heads disabled"
"20260710_225917__080__train_stage23_w008_012_0626_20260710","True","OFF_0626_or_disabled","profile=stage23_boundary_0626; Final heads disabled"
"20260711_075507__081__train_stage23_w006_009_0626_20260711","True","OFF_0626_or_disabled","profile=stage23_boundary_0626; Final heads disabled"
"train_038b52d_dirguide_gateprop_w003_d02_20260721","True","OFF_0626_or_disabled","profile=stage23_boundary_0626; Final heads disabled"
"train_0626_best0719_stage1_mergeattn_w01_20260720","True","OFF_0626_or_disabled","profile=stage23_boundary_0626; Final heads disabled"
"train_0626_best0719_stage1_mergeattn_w01_20260720_2","True","OFF_0626_or_disabled","profile=stage23_boundary_0626; Final heads disabled"
"train_0626_overlap_a1a2_resmerge_a005_a02_w01_20260714","True","OFF_0626_or_disabled","profile=stage23_boundary_0626; Final heads disabled"
"train_0626_overlap_a1a2_resmerge_a005_a02_w01_20260714_2","True","OFF_0626_or_disabled","profile=stage23_boundary_0626; Final heads disabled"
"train_0626_overlap_a1a2bias_decoder_structbias_w01_20260716","False","OFF_0626_or_disabled","profile=stage23_boundary_0626; Final heads disabled"
"train_0626_overlap_a1a2bias_decoder_structbias_w01_20260716_2","True","OFF_0626_or_disabled","profile=stage23_boundary_0626; Final heads disabled"
"train_0626_overlap_a1bias_a2merge_w01_20260716","True","OFF_0626_or_disabled","profile=stage23_boundary_0626; Final heads disabled"
"train_0626_overlap_a2_resmerge_a02_w01_20260714","True","OFF_0626_or_disabled","profile=stage23_boundary_0626; Final heads disabled"
"train_0626_overlap_a2_resmerge_w01_20260713","True","OFF_0626_or_disabled","profile=stage23_boundary_0626; Final heads disabled"
"train_0626_overlap_a2_stage3_roadbias_a01_w01_20260715","True","OFF_0626_or_disabled","profile=stage23_boundary_0626; Final heads disabled"
"train_0626_overlap_connbias_a123_gate_nodir_w01_20260718","True","OFF_0626_or_disabled","profile=stage23_boundary_0626; Final heads disabled"
"train_0626_overlap_connbias_c2_valuegate_w01_20260719","True","OFF_0626_or_disabled","profile=stage23_boundary_0626; Final heads disabled"
"train_0626_overlap_decoder_connbias_a123_decay_lam01_w01_20260718","False","OFF_0626_or_disabled","profile=stage23_boundary_0626; Final heads disabled"
"train_0626_overlap_patch_dilated3x3_20260711","True","OFF_0626_or_disabled","profile=stage23_boundary_0626; Final heads disabled"
"train_0626_overlap_roadattn_20260712","True","OFF_0626_or_disabled","profile=stage23_boundary_0626; Final heads disabled"
"train_0626_overlap_roadattn_msaf_20260712","True","OFF_0626_or_disabled","profile=stage23_boundary_0626; Final heads disabled"
"train_0626_overlap_roadaware_merge_20260713","True","OFF_0626_or_disabled","profile=stage23_boundary_0626; Final heads disabled"
"train_0626_stage1_mergeattn_conbias_congate_w01_20260719","True","OFF_0626_or_disabled","profile=stage23_boundary_0626; Final heads disabled"
"train_0718_a123_dirfield_dirconnbias_w01_d02_20260721","True","OFF_0626_or_disabled","profile=stage23_boundary_0626; Final heads disabled"
"train_0718_a123_dirfield_softdir_highorder_w01_d02_20260722","True","OFF_0626_or_disabled","profile=stage23_boundary_0626; Final heads disabled"
"train_1c2c715_sc_consistency_cldice_w01_20260723","True","OFF_0626_or_disabled","profile=stage23_boundary_0626; Final heads disabled"
"train_1c2c715_stage_cldice_no_sccons_w01_20260723","True","OFF_0626_or_disabled","profile=stage23_boundary_0626; Final heads disabled"
"train_decoder_gate_alt_nw0_20260717","True","OFF_0626_or_disabled","profile=stage23_boundary_0626; Final heads disabled"
